Fecha,Fecha,Año,Month,Día,Hora,N°dato,Temp Out (ºC),Solar Rad. (W/m2) CALIBRADA,Out Hum (%),Wind Speed (m/s),SolAireTecho,SolAireParedEste,SolAireParedNorte,SolAireParedOeste,SolAireParedSur
2022-08-22 14:00:00,2022-08-22 14:00:00,2022.0,8.0,22.0,14.0,519,18.6,740.248875,24.0,0.9,53.74875,23.9328,47.9637,25.18195,26.063950000000002
2022-08-22 15:00:00,2022-08-22 15:00:00,2022.0,8.0,22.0,15.0,520,18.975,653.262975,24.0,0.975,50.24505,23.909145000000002,43.47415,26.5713,25.97965
2022-08-22 16:00:00,2022-08-22 16:00:00,2022.0,8.0,22.0,16.0,521,19.3,508.823425,24.0,0.9,43.4172,23.456655,37.60815,26.87365,25.447
2022-08-22 17:00:00,2022-08-22 17:00:00,2022.0,8.0,22.0,17.0,522,19.05,328.408225,23.25,0.9,33.401849999999996,22.00319,30.21875,25.7054,23.823115
2022-08-22 18:00:00,2022-08-22 18:00:00,2022.0,8.0,22.0,18.0,523,18.275,128.66282500000003,24.25,1.0,21.807,19.689075,22.56845,24.398799999999998,20.935435
2022-08-22 19:00:00,2022-08-22 19:00:00,2022.0,8.0,22.0,19.0,524,16.85,8.354375000000001,26.5,0.325,13.887590000000003,17.0734515,17.401955,17.901580000000003,17.341573
2022-08-22 20:00:00,2022-08-22 20:00:00,2022.0,8.0,22.0,20.0,525,14.775,0.0,31.0,0.0,10.781266650000001,14.77632346,14.778034100000001,14.776213475,14.77824277
2022-08-22 21:00:00,2022-08-22 21:00:00,2022.0,8.0,22.0,21.0,526,12.475,0.0,37.25,0.3,8.475,12.475,12.475,12.475,12.475
2022-08-22 22:00:00,2022-08-22 22:00:00,2022.0,8.0,22.0,22.0,527,10.7,0.0,42.5,0.55,6.699999999999999,10.7,10.7,10.7,10.7
2022-08-22 23:00:00,2022-08-22 23:00:00,2022.0,8.0,22.0,23.0,528,9.425,0.0,46.25,0.525,5.425000000000001,9.425,9.425,9.425,9.425
2022-08-23 00:00:00,2022-08-23 00:00:00,2022.0,8.0,23.0,0.0,529,8.2,0.0,49.5,0.425,4.199999999999999,8.2,8.2,8.2,8.2
2022-08-23 01:00:00,2022-08-23 01:00:00,2022.0,8.0,23.0,1.0,530,7.85,0.0,51.0,0.1,3.8499999999999996,7.85,7.85,7.85,7.85
2022-08-23 02:00:00,2022-08-23 02:00:00,2022.0,8.0,23.0,2.0,531,7.05,0.0,54.0,0.0,3.05,7.05,7.05,7.05,7.05
2022-08-23 03:00:00,2022-08-23 03:00:00,2022.0,8.0,23.0,3.0,532,6.275,0.0,56.5,0.3,2.2750000000000004,6.275,6.275,6.275,6.275
2022-08-23 04:00:00,2022-08-23 04:00:00,2022.0,8.0,23.0,4.0,533,6.075,0.0,56.75,0.0,2.075,6.075,6.075,6.075,6.075
2022-08-23 05:00:00,2022-08-23 05:00:00,2022.0,8.0,23.0,5.0,534,5.375,0.0,59.5,0.1,1.375,5.375,5.375,5.375,5.375
2022-08-23 06:00:00,2022-08-23 06:00:00,2022.0,8.0,23.0,6.0,535,4.175,0.0,62.5,0.0,0.17499999999999982,4.175,4.175,4.175,4.175
2022-08-23 07:00:00,2022-08-23 07:00:00,2022.0,8.0,23.0,7.0,536,4.05,0.0,65.0,0.0,0.04999999999999982,4.05,4.05,4.05,4.05
2022-08-23 08:00:00,2022-08-23 08:00:00,2022.0,8.0,23.0,8.0,537,4.975,47.046425,63.25,0.0,1.7118399999999996,8.581954999999999,7.251164999999999,5.072341,5.211829
2022-08-23 09:00:00,2022-08-23 09:00:00,2022.0,8.0,23.0,9.0,538,8.5,241.42232500000003,52.75,0.0,14.321100000000001,34.5026,30.805899999999998,9.862829999999999,10.82421
2022-08-23 10:00:00,2022-08-23 10:00:00,2022.0,8.0,23.0,10.0,539,11.6,437.67755000000005,42.75,0.3,27.723750000000003,33.64825,40.727999999999994,14.179945,15.35172
2022-08-23 11:00:00,2022-08-23 11:00:00,2022.0,8.0,23.0,11.0,540,14.325,601.98425,35.5,0.525,39.65375,30.43985,46.855199999999996,18.029014999999998,19.51925
2022-08-23 12:00:00,2022-08-23 12:00:00,2022.0,8.0,23.0,12.0,541,17.525,725.214275,28.75,0.4,49.931749999999994,28.247700000000002,51.49164999999999,22.084084999999998,23.805049999999998
2022-08-23 13:00:00,2022-08-23 13:00:00,2022.0,8.0,23.0,13.0,542,19.8,778.372325,24.75,0.325,55.898849999999996,26.2372,52.7482,24.9069,26.77205
2022-08-23 14:00:00,2022-08-23 14:00:00,2022.0,8.0,23.0,14.0,543,22.025,761.726875,21.0,0.3,58.168549999999996,27.258499999999998,52.138749999999995,28.6049,29.023449999999997
2022-08-23 15:00:00,2022-08-23 15:00:00,2022.0,8.0,23.0,15.0,544,23.425,673.3986,19.5,0.8500000000000001,55.724149999999995,28.392335,48.5751,31.18495,30.32375
2022-08-23 16:00:00,2022-08-23 16:00:00,2022.0,8.0,23.0,16.0,545,23.8,526.81125,19.0,1.1,48.8957,27.975745,42.69795,31.623900000000003,29.785050000000002
2022-08-23 17:00:00,2022-08-23 17:00:00,2022.0,8.0,23.0,17.0,546,23.2,341.56350000000003,20.0,1.35,38.1893,26.261105,34.74305,30.09375,28.13405
2022-08-23 18:00:00,2022-08-23 18:00:00,2022.0,8.0,23.0,18.0,547,22.1,131.884525,23.5,1.45,25.8748,23.555815000000003,26.51877,28.5193,24.82438
2022-08-23 19:00:00,2022-08-23 19:00:00,2022.0,8.0,23.0,19.0,548,20.55,7.817425,26.5,0.55,17.60553,20.776695500000002,21.110475,21.649705,21.0468715
2022-08-23 20:00:00,2022-08-23 20:00:00,2022.0,8.0,23.0,20.0,549,17.425,0.0,33.75,0.55,13.43126655,17.426322965,17.4280332,17.426213005,17.428241865
2022-08-23 21:00:00,2022-08-23 21:00:00,2022.0,8.0,23.0,21.0,550,15.35,0.0,38.5,1.55,11.35,15.35,15.35,15.35,15.35
2022-08-23 22:00:00,2022-08-23 22:00:00,2022.0,8.0,23.0,22.0,551,13.35,0.0,43.5,0.875,9.35,13.35,13.35,13.35,13.35
2022-08-23 23:00:00,2022-08-23 23:00:00,2022.0,8.0,23.0,23.0,552,12.25,0.0,46.75,0.975,8.25,12.25,12.25,12.25,12.25
2022-08-24 00:00:00,2022-08-24 00:00:00,2022.0,8.0,24.0,0.0,553,11.8,0.0,48.0,0.525,7.800000000000001,11.8,11.8,11.8,11.8
2022-08-24 01:00:00,2022-08-24 01:00:00,2022.0,8.0,24.0,1.0,554,10.725,0.0,51.5,0.0,6.725,10.725,10.725,10.725,10.725
2022-08-24 02:00:00,2022-08-24 02:00:00,2022.0,8.0,24.0,2.0,555,10.05,0.0,54.25,0.1,6.050000000000001,10.05,10.05,10.05,10.05
2022-08-24 03:00:00,2022-08-24 03:00:00,2022.0,8.0,24.0,3.0,556,9.05,0.0,57.5,0.0,5.050000000000001,9.05,9.05,9.05,9.05
2022-08-24 04:00:00,2022-08-24 04:00:00,2022.0,8.0,24.0,4.0,557,7.6,0.0,61.0,0.0,3.5999999999999996,7.6,7.6,7.6,7.6
2022-08-24 05:00:00,2022-08-24 05:00:00,2022.0,8.0,24.0,5.0,558,6.9,0.0,63.75,0.0,2.9000000000000004,6.9,6.9,6.9,6.9
2022-08-24 06:00:00,2022-08-24 06:00:00,2022.0,8.0,24.0,6.0,559,6.6,0.0,64.75,0.0,2.5999999999999996,6.6,6.6,6.6,6.6
2022-08-24 07:00:00,2022-08-24 07:00:00,2022.0,8.0,24.0,7.0,560,6.725,0.0,64.0,0.0,2.7249999999999996,6.725,6.725,6.725,6.725
2022-08-24 08:00:00,2022-08-24 08:00:00,2022.0,8.0,24.0,8.0,561,7.225,48.657275,63.25,0.0,4.001014999999999,10.896654999999999,9.555029999999999,7.3333075,7.485824999999999
2022-08-24 09:00:00,2022-08-24 09:00:00,2022.0,8.0,24.0,9.0,562,11.575,245.9864,49.75,0.0,17.4802,37.82505,34.05715,12.96524,13.938315
2022-08-24 10:00:00,2022-08-24 10:00:00,2022.0,8.0,24.0,10.0,563,14.55,441.4362,40.25,0.675,30.714399999999998,36.63265,43.70115,17.15888,18.34699
2022-08-24 11:00:00,2022-08-24 11:00:00,2022.0,8.0,24.0,11.0,564,17.975,605.474425,32.5,0.55,43.312599999999996,34.09685,50.469049999999996,21.715970000000002,23.24305
2022-08-24 12:00:00,2022-08-24 12:00:00,2022.0,8.0,24.0,12.0,565,20.875,725.214275,27.25,1.0,53.2245,31.60875,54.7131,25.49093,27.30445
2022-08-24 13:00:00,2022-08-24 13:00:00,2022.0,8.0,24.0,13.0,566,23.875,781.8625,23.0,0.525,60.00354999999999,30.3468,56.894349999999996,29.01905,30.87505
2022-08-24 14:00:00,2022-08-24 14:00:00,2022.0,8.0,24.0,14.0,567,26.075,759.84755,20.5,0.875,61.99865,31.4181,55.97165,32.722049999999996,33.3823
2022-08-24 15:00:00,2022-08-24 15:00:00,2022.0,8.0,24.0,15.0,568,26.35,671.78775,21.25,1.55,58.36045,31.3719,51.27245,34.0998,33.42855
2022-08-24 16:00:00,2022-08-24 16:00:00,2022.0,8.0,24.0,16.0,569,25.975,521.44175,27.0,1.55,50.5439,30.214595000000003,44.461349999999996,33.6524,32.26955
2022-08-24 17:00:00,2022-08-24 17:00:00,2022.0,8.0,24.0,17.0,570,25.55,333.50925000000007,29.25,1.775,39.90155,28.584245,36.64015,32.08425,30.576
2022-08-24 18:00:00,2022-08-24 18:00:00,2022.0,8.0,24.0,18.0,571,24.875,126.78350000000002,31.5,1.075,28.2676,26.284165,29.016585,30.4333,27.598465
2022-08-24 19:00:00,2022-08-24 19:00:00,2022.0,8.0,24.0,19.0,572,23.45,8.354375000000001,33.75,0.325,20.481434999999998,23.675249,23.99741,24.42195,23.9485715
2022-08-24 20:00:00,2022-08-24 20:00:00,2022.0,8.0,24.0,20.0,573,21.025,0.0,38.75,0.1,17.034234849999997,21.02694926,21.029469295,21.026787234999997,21.029776799999997
2022-08-24 21:00:00,2022-08-24 21:00:00,2022.0,8.0,24.0,21.0,574,18.15,0.0,44.25,0.55,14.149999999999999,18.15,18.15,18.15,18.15
2022-08-24 22:00:00,2022-08-24 22:00:00,2022.0,8.0,24.0,22.0,575,16.4,0.0,48.5,0.65,12.399999999999999,16.4,16.4,16.4,16.4
2022-08-24 23:00:00,2022-08-24 23:00:00,2022.0,8.0,24.0,23.0,576,15.3,0.0,52.0,0.1,11.3,15.3,15.3,15.3,15.3
2022-08-25 00:00:00,2022-08-25 00:00:00,2022.0,8.0,25.0,0.0,577,14.35,0.0,54.0,0.325,10.35,14.35,14.35,14.35,14.35
2022-08-25 01:00:00,2022-08-25 01:00:00,2022.0,8.0,25.0,1.0,578,13.625,0.0,56.5,0.0,9.625,13.625,13.625,13.625,13.625
2022-08-25 02:00:00,2022-08-25 02:00:00,2022.0,8.0,25.0,2.0,579,12.775,0.0,58.25,0.0,8.775,12.775,12.775,12.775,12.775
2022-08-25 03:00:00,2022-08-25 03:00:00,2022.0,8.0,25.0,3.0,580,12.425,0.0,58.75,0.0,8.425,12.425,12.425,12.425,12.425
2022-08-25 04:00:00,2022-08-25 04:00:00,2022.0,8.0,25.0,4.0,581,11.15,0.0,62.0,0.0,7.15,11.15,11.15,11.15,11.15
2022-08-25 05:00:00,2022-08-25 05:00:00,2022.0,8.0,25.0,5.0,582,10.95,0.0,63.5,0.0,6.949999999999999,10.95,10.95,10.95,10.95
2022-08-25 06:00:00,2022-08-25 06:00:00,2022.0,8.0,25.0,6.0,583,10.4,0.0,65.0,0.0,6.4,10.4,10.4,10.4,10.4
2022-08-25 07:00:00,2022-08-25 07:00:00,2022.0,8.0,25.0,7.0,584,10.1,0.0,66.5,0.0,6.1,10.1,10.1,10.1,10.1
2022-08-25 08:00:00,2022-08-25 08:00:00,2022.0,8.0,25.0,8.0,585,11.15,48.657275000000006,64.0,0.0,7.8832249999999995,14.967920000000001,13.568760000000001,11.2679015,11.420362
2022-08-25 09:00:00,2022-08-25 09:00:00,2022.0,8.0,25.0,9.0,586,14.7,236.05282500000004,53.25,0.0,20.0918,40.50065,36.63975,16.03182,16.906485
2022-08-25 10:00:00,2022-08-25 10:00:00,2022.0,8.0,25.0,10.0,587,19.05,429.6233,41.25,0.425,34.774100000000004,40.418049999999994,47.25335,21.66287,22.93156
2022-08-25 11:00:00,2022-08-25 11:00:00,2022.0,8.0,25.0,11.0,588,21.475,596.346275,33.0,1.0,46.33885,37.28405,53.26285,25.255245000000002,26.90785
2022-08-25 12:00:00,2022-08-25 12:00:00,2022.0,8.0,25.0,12.0,589,24.325,713.401375,28.75,0.875,56.0399,34.9713,57.548249999999996,29.00242,30.965999999999998
2022-08-25 13:00:00,2022-08-25 13:00:00,2022.0,8.0,25.0,13.0,590,26.975,768.43875,26.5,0.425,62.29915,33.51315,59.332049999999995,32.201100000000004,34.2945
2022-08-25 14:00:00,2022-08-25 14:00:00,2022.0,8.0,25.0,14.0,591,28.65,745.3498999999999,23.25,0.75,63.581950000000006,34.06955,57.69535,35.28345,36.33045
2022-08-25 15:00:00,2022-08-25 15:00:00,2022.0,8.0,25.0,15.0,592,28.725,649.7728,24.5,1.55,59.4337,33.74655,52.716499999999996,36.2903,36.0204
2022-08-25 16:00:00,2022-08-25 16:00:00,2022.0,8.0,25.0,16.0,593,28.525,505.8702,23.5,1.425,51.86505,32.717565,45.9637,35.79025,35.07165
2022-08-25 17:00:00,2022-08-25 17:00:00,2022.0,8.0,25.0,17.0,594,28.375,318.20617500000003,25.0,1.1,41.69714999999999,31.33043,38.6922,34.32975,33.49815
2022-08-25 18:00:00,2022-08-25 18:00:00,2022.0,8.0,25.0,18.0,595,27.65,121.95095,26.75,1.0,30.666649999999997,29.022895,31.546374999999998,32.509,30.37842
2022-08-25 19:00:00,2022-08-25 19:00:00,2022.0,8.0,25.0,19.0,596,25.975,8.891325,30.5,0.325,23.019075,26.204716,26.525035000000003,26.83039,26.4904
2022-08-25 20:00:00,2022-08-25 20:00:00,2022.0,8.0,25.0,20.0,597,23.225,0.0,35.5,0.0,19.2353898,23.22719624,23.23003405,23.22701378,23.23038
2022-08-25 21:00:00,2022-08-25 21:00:00,2022.0,8.0,25.0,21.0,598,20.95,0.0,40.5,0.0,16.95,20.95,20.95,20.95,20.95
2022-08-25 22:00:00,2022-08-25 22:00:00,2022.0,8.0,25.0,22.0,599,18.775,0.0,46.5,0.525,14.774999999999999,18.775,18.775,18.775,18.775
2022-08-25 23:00:00,2022-08-25 23:00:00,2022.0,8.0,25.0,23.0,600,17.6,0.0,50.25,0.425,13.600000000000001,17.6,17.6,17.6,17.6
2022-08-26 00:00:00,2022-08-26 00:00:00,2022.0,8.0,26.0,0.0,601,16.8,0.0,52.25,0.225,12.8,16.8,16.8,16.8,16.8
2022-08-26 01:00:00,2022-08-26 01:00:00,2022.0,8.0,26.0,1.0,602,16.025000000000002,0.0,55.5,0.225,12.025000000000002,16.025000000000002,16.025000000000002,16.025000000000002,16.025000000000002
2022-08-26 02:00:00,2022-08-26 02:00:00,2022.0,8.0,26.0,2.0,603,15.775,0.0,57.0,0.0,11.775,15.775,15.775,15.775,15.775
2022-08-26 03:00:00,2022-08-26 03:00:00,2022.0,8.0,26.0,3.0,604,15.125,0.0,59.0,0.0,11.125,15.125,15.125,15.125,15.125
2022-08-26 04:00:00,2022-08-26 04:00:00,2022.0,8.0,26.0,4.0,605,14.975,0.0,59.25,0.225,10.975,14.975,14.975,14.975,14.975
2022-08-26 05:00:00,2022-08-26 05:00:00,2022.0,8.0,26.0,5.0,606,13.975,0.0,62.75,0.0,9.975,13.975,13.975,13.975,13.975
2022-08-26 06:00:00,2022-08-26 06:00:00,2022.0,8.0,26.0,6.0,607,12.55,0.0,66.5,0.0,8.55,12.55,12.55,12.55,12.55
2022-08-26 07:00:00,2022-08-26 07:00:00,2022.0,8.0,26.0,7.0,608,13.0,0.0,66.0,0.0,9.0,13.0,13.0,13.0,13.0
2022-08-26 08:00:00,2022-08-26 08:00:00,2022.0,8.0,26.0,8.0,609,13.775,47.85185,63.25,0.0,10.564490000000001,17.03236,15.8907,13.902789,14.079358000000001
2022-08-26 09:00:00,2022-08-26 09:00:00,2022.0,8.0,26.0,9.0,610,16.55,226.11925,56.0,0.0,21.74455,40.198449999999994,36.8528,17.933130000000002,18.957265
2022-08-26 10:00:00,2022-08-26 10:00:00,2022.0,8.0,26.0,10.0,611,20.35,417.27345,45.25,0.1,35.5983,40.247,46.872699999999995,23.143815,24.848930000000003
2022-08-26 11:00:00,2022-08-26 11:00:00,2022.0,8.0,26.0,11.0,612,23.625,577.28455,37.25,0.425,47.66335000000001,38.6626,53.8044,27.59855,29.79105
2022-08-26 12:00:00,2022-08-26 12:00:00,2022.0,8.0,26.0,12.0,613,26.8,693.26575,32.25,0.65,57.44454999999999,37.1894,58.47749999999999,31.66053,34.2326
2022-08-26 13:00:00,2022-08-26 13:00:00,2022.0,8.0,26.0,13.0,614,27.375,738.36955,32.5,2.0,61.1082,33.9333,58.04214999999999,32.68935,35.34585
2022-08-26 14:00:00,2022-08-26 14:00:00,2022.0,8.0,26.0,14.0,615,27.525,710.4481499999999,33.25,2.5500000000000003,60.51599999999999,32.8902,54.607699999999994,33.939049999999995,35.595699999999994
2022-08-26 15:00:00,2022-08-26 15:00:00,2022.0,8.0,26.0,15.0,616,27.7,625.878525,33.0,1.975,56.74195,32.653655,50.13655,34.89245,35.31275
2022-08-26 16:00:00,2022-08-26 16:00:00,2022.0,8.0,26.0,16.0,617,27.825,478.48575,32.75,2.1,49.40265,31.9879,43.9757,34.5798,34.72415
2022-08-26 17:00:00,2022-08-26 17:00:00,2022.0,8.0,26.0,17.0,618,27.6,302.9031,32.0,1.875,39.7871,30.491190000000003,37.03765,32.929050000000004,32.91905
2022-08-26 18:00:00,2022-08-26 18:00:00,2022.0,8.0,26.0,18.0,619,26.75,117.923825,33.0,1.8,29.401249999999997,28.07545,30.371855,30.92313,29.480455
2022-08-26 19:00:00,2022-08-26 19:00:00,2022.0,8.0,26.0,19.0,620,25.475,8.354375,34.5,0.65,22.45691,25.69122,25.988760000000003,26.197400000000002,25.9648065
2022-08-26 20:00:00,2022-08-26 20:00:00,2022.0,8.0,26.0,20.0,621,23.3,0.0,39.75,0.1,19.3092346,23.301947915,23.304466835,23.301785965,23.30477433
2022-08-26 21:00:00,2022-08-26 21:00:00,2022.0,8.0,26.0,21.0,622,22.125,0.0,44.5,0.425,18.125,22.125,22.125,22.125,22.125
2022-08-26 22:00:00,2022-08-26 22:00:00,2022.0,8.0,26.0,22.0,623,20.525,0.0,48.75,0.0,16.525,20.525,20.525,20.525,20.525
2022-08-26 23:00:00,2022-08-26 23:00:00,2022.0,8.0,26.0,23.0,624,19.25,0.0,52.75,0.0,15.25,19.25,19.25,19.25,19.25
2022-08-27 00:00:00,2022-08-27 00:00:00,2022.0,8.0,27.0,0.0,625,17.9,0.0,57.0,0.0,13.899999999999999,17.9,17.9,17.9,17.9
2022-08-27 01:00:00,2022-08-27 01:00:00,2022.0,8.0,27.0,1.0,626,16.425,0.0,61.75,0.0,12.425,16.425,16.425,16.425,16.425
2022-08-27 02:00:00,2022-08-27 02:00:00,2022.0,8.0,27.0,2.0,627,15.775,0.0,64.0,0.0,11.775,15.775,15.775,15.775,15.775
2022-08-27 03:00:00,2022-08-27 03:00:00,2022.0,8.0,27.0,3.0,628,14.725,0.0,68.0,0.0,10.725,14.725,14.725,14.725,14.725
2022-08-27 04:00:00,2022-08-27 04:00:00,2022.0,8.0,27.0,4.0,629,13.7,0.0,70.0,0.0,9.7,13.7,13.7,13.7,13.7
2022-08-27 05:00:00,2022-08-27 05:00:00,2022.0,8.0,27.0,5.0,630,13.075,0.0,72.5,0.0,9.075,13.075,13.075,13.075,13.075
2022-08-27 06:00:00,2022-08-27 06:00:00,2022.0,8.0,27.0,6.0,631,12.675,0.0,74.0,0.0,8.675,12.675,12.675,12.675,12.675
2022-08-27 07:00:00,2022-08-27 07:00:00,2022.0,8.0,27.0,7.0,632,12.425,0.0,75.25,0.0,8.425,12.425,12.425,12.425,12.425
2022-08-27 08:00:00,2022-08-27 08:00:00,2022.0,8.0,27.0,8.0,633,12.975,52.6844,73.5,0.0,9.738875,17.037264999999998,15.558815,13.1129205,13.280001
2022-08-27 09:00:00,2022-08-27 09:00:00,2022.0,8.0,27.0,9.0,634,16.775,248.1342,61.25,0.0,22.382349999999995,43.412049999999994,39.36879999999999,18.15664,19.02572
2022-08-27 10:00:00,2022-08-27 10:00:00,2022.0,8.0,27.0,10.0,635,21.475,446.26875,48.25,0.0,37.537850000000006,43.30965,50.26435,24.17678,25.46395
2022-08-27 11:00:00,2022-08-27 11:00:00,2022.0,8.0,27.0,11.0,636,24.875,614.602575,38.0,0.225,50.25880000000001,40.99265,57.244299999999996,28.730964999999998,30.37495
2022-08-27 12:00:00,2022-08-27 12:00:00,2022.0,8.0,27.0,12.0,637,27.775,740.785825,21.75,1.2,60.387699999999995,38.63055,61.76515,32.48309,34.334199999999996
2022-08-27 13:00:00,2022-08-27 13:00:00,2022.0,8.0,27.0,13.0,638,29.55,794.480825,16.75,0.55,65.9028,36.195,62.734899999999996,34.83725,36.7843
2022-08-27 14:00:00,2022-08-27 14:00:00,2022.0,8.0,27.0,14.0,639,31.275,760.116025,12.25,0.65,66.6849,36.82555,60.52445,38.028499999999994,39.208999999999996
2022-08-27 15:00:00,2022-08-27 15:00:00,2022.0,8.0,27.0,15.0,640,30.975,645.4772,20.25,1.325,60.9837,36.04,54.0847,38.3679,38.6726
2022-08-27 16:00:00,2022-08-27 16:00:00,2022.0,8.0,27.0,16.0,641,29.45,478.48575000000005,27.75,2.45,50.51515,33.58775,45.0865,35.9798,36.4827
2022-08-27 17:00:00,2022-08-27 17:00:00,2022.0,8.0,27.0,17.0,642,26.9,250.282,35.75,2.7750000000000004,36.04325,29.404425,34.37455,30.799924999999998,31.86806
2022-08-27 18:00:00,2022-08-27 18:00:00,2022.0,8.0,27.0,18.0,643,24.25,50.805075,44.75,2.45,23.67664,24.96867,25.996965,25.251965,25.91949
2022-08-27 19:00:00,2022-08-27 19:00:00,2022.0,8.0,27.0,19.0,644,21.9,7.0120000000000005,55.75,1.3250000000000002,18.46471,22.019774499999997,22.174342,22.009835499999998,22.193146499999997
2022-08-27 20:00:00,2022-08-27 20:00:00,2022.0,8.0,27.0,20.0,645,19.65,0.0,60.5,1.75,15.660580499999998,19.652227585,19.6551102,19.652042254999998,19.6554625
2022-08-27 21:00:00,2022-08-27 21:00:00,2022.0,8.0,27.0,21.0,646,18.525,0.0,57.5,0.75,14.524999999999999,18.525,18.525,18.525,18.525
2022-08-27 22:00:00,2022-08-27 22:00:00,2022.0,8.0,27.0,22.0,647,17.875,0.0,54.5,0.325,13.875,17.875,17.875,17.875,17.875
2022-08-27 23:00:00,2022-08-27 23:00:00,2022.0,8.0,27.0,23.0,648,16.975,0.0,51.25,0.625,12.975000000000001,16.975,16.975,16.975,16.975
2022-08-28 00:00:00,2022-08-28 00:00:00,2022.0,8.0,28.0,0.0,649,16.0,0.0,44.0,0.525,12.0,16.0,16.0,16.0,16.0
2022-08-28 01:00:00,2022-08-28 01:00:00,2022.0,8.0,28.0,1.0,650,15.3,0.0,38.0,0.425,11.3,15.3,15.3,15.3,15.3
2022-08-28 02:00:00,2022-08-28 02:00:00,2022.0,8.0,28.0,2.0,651,14.825,0.0,35.5,0.2,10.825,14.825,14.825,14.825,14.825
2022-08-28 03:00:00,2022-08-28 03:00:00,2022.0,8.0,28.0,3.0,652,14.45,0.0,33.75,0.0,10.45,14.45,14.45,14.45,14.45
2022-08-28 04:00:00,2022-08-28 04:00:00,2022.0,8.0,28.0,4.0,653,14.05,0.0,33.0,0.3,10.05,14.05,14.05,14.05,14.05
2022-08-28 05:00:00,2022-08-28 05:00:00,2022.0,8.0,28.0,5.0,654,13.7,0.0,31.75,0.425,9.7,13.7,13.7,13.7,13.7
2022-08-28 06:00:00,2022-08-28 06:00:00,2022.0,8.0,28.0,6.0,655,13.425,0.0,29.5,0.4,9.425,13.425,13.425,13.425,13.425
2022-08-28 07:00:00,2022-08-28 07:00:00,2022.0,8.0,28.0,7.0,656,13.225,0.0,26.75,0.4,9.225,13.225,13.225,13.225,13.225
2022-08-28 08:00:00,2022-08-28 08:00:00,2022.0,8.0,28.0,8.0,657,12.675,9.4441,29.0,0.525,8.975630500000001,12.802338,12.854134,12.734884000000001,12.831356000000001
2022-08-28 09:00:00,2022-08-28 09:00:00,2022.0,8.0,28.0,9.0,658,12.125,42.48235,28.75,0.65,10.161665,12.583501,13.137535,12.5275705,13.193915
2022-08-28 10:00:00,2022-08-28 10:00:00,2022.0,8.0,28.0,10.0,659,11.825,66.376625,29.5,1.1,11.327739999999999,12.58587,13.559124999999998,12.523245,13.67577
2022-08-28 11:00:00,2022-08-28 11:00:00,2022.0,8.0,28.0,11.0,660,11.9,125.441125,30.25,0.875,14.176650000000002,13.312195000000001,15.09795,13.153905,15.192955
2022-08-28 12:00:00,2022-08-28 12:00:00,2022.0,8.0,28.0,12.0,661,12.3,191.485975,30.0,0.65,18.190150000000003,14.518045,17.50865,14.24728,17.32835
2022-08-28 13:00:00,2022-08-28 13:00:00,2022.0,8.0,28.0,13.0,662,13.25,309.078025,26.25,0.775,23.714349999999996,16.32431,21.0365,16.037165,20.29055
2022-08-28 14:00:00,2022-08-28 14:00:00,2022.0,8.0,28.0,14.0,663,13.625,266.122025,25.25,0.975,22.844,16.411395,20.5773,16.246065,20.16025
2022-08-28 15:00:00,2022-08-28 15:00:00,2022.0,8.0,28.0,15.0,664,14.025,214.84330000000003,23.5,0.3,20.7093,16.30996,19.51335,16.196025,19.43865
2022-08-28 16:00:00,2022-08-28 16:00:00,2022.0,8.0,28.0,16.0,665,14.025,165.17542500000002,23.25,0.3,18.0548,15.76714,18.073610000000002,15.6662,18.20271
2022-08-28 17:00:00,2022-08-28 17:00:00,2022.0,8.0,28.0,17.0,666,13.65,93.22412500000002,22.5,0.425,14.40804,14.689695,16.020495,14.60784,16.17145
2022-08-28 18:00:00,2022-08-28 18:00:00,2022.0,8.0,28.0,18.0,667,13.225,48.92575,24.5,0.4,11.652294999999999,13.7487,14.420259999999999,13.705502,14.5011
2022-08-28 19:00:00,2022-08-28 19:00:00,2022.0,8.0,28.0,19.0,668,12.225,8.0859,26.5,0.325,8.814865,12.350113,12.511568,12.339731,12.53121
2022-08-28 20:00:00,2022-08-28 20:00:00,2022.0,8.0,28.0,20.0,669,11.7,0.0,27.5,0.0,7.7120926999999995,11.70254958,11.705847149999999,11.70233757,11.7062498
2022-08-28 21:00:00,2022-08-28 21:00:00,2022.0,8.0,28.0,21.0,670,11.325,0.0,28.5,0.0,7.324999999999999,11.325,11.325,11.325,11.325
2022-08-28 22:00:00,2022-08-28 22:00:00,2022.0,8.0,28.0,22.0,671,11.225,0.0,30.25,0.0,7.225,11.225,11.225,11.225,11.225
2022-08-28 23:00:00,2022-08-28 23:00:00,2022.0,8.0,28.0,23.0,672,10.925,0.0,32.25,0.0,6.925000000000001,10.925,10.925,10.925,10.925
2022-08-29 00:00:00,2022-08-29 00:00:00,2022.0,8.0,29.0,0.0,673,10.75,0.0,33.0,0.0,6.75,10.75,10.75,10.75,10.75
2022-08-29 01:00:00,2022-08-29 01:00:00,2022.0,8.0,29.0,1.0,674,10.425,0.0,36.75,0.3,6.425000000000001,10.425,10.425,10.425,10.425
2022-08-29 02:00:00,2022-08-29 02:00:00,2022.0,8.0,29.0,2.0,675,10.275,0.0,38.75,0.1,6.275,10.275,10.275,10.275,10.275
2022-08-29 03:00:00,2022-08-29 03:00:00,2022.0,8.0,29.0,3.0,676,10.125,0.0,41.0,0.0,6.125,10.125,10.125,10.125,10.125
2022-08-29 04:00:00,2022-08-29 04:00:00,2022.0,8.0,29.0,4.0,677,10.05,0.0,41.5,0.0,6.050000000000001,10.05,10.05,10.05,10.05
2022-08-29 05:00:00,2022-08-29 05:00:00,2022.0,8.0,29.0,5.0,678,9.9,0.0,39.5,0.0,5.9,9.9,9.9,9.9,9.9
2022-08-29 06:00:00,2022-08-29 06:00:00,2022.0,8.0,29.0,6.0,679,9.225,0.0,46.25,0.0,5.225,9.225,9.225,9.225,9.225
2022-08-29 07:00:00,2022-08-29 07:00:00,2022.0,8.0,29.0,7.0,680,7.5,0.0,48.75,0.0,3.5,7.5,7.5,7.5,7.5
2022-08-29 08:00:00,2022-08-29 08:00:00,2022.0,8.0,29.0,8.0,681,6.975,55.90610000000001,49.0,0.0,4.403625,13.0559,10.23868,7.1349575,7.3388355
2022-08-29 09:00:00,2022-08-29 09:00:00,2022.0,8.0,29.0,9.0,682,9.575,247.06030000000004,43.0,0.4,17.21605,32.9721,28.22,10.98041,11.886629999999998
2022-08-29 10:00:00,2022-08-29 10:00:00,2022.0,8.0,29.0,10.0,683,11.9,443.315525,34.5,0.9,30.215899999999998,30.26175,36.421600000000005,14.62743,15.972975000000002
2022-08-29 11:00:00,2022-08-29 11:00:00,2022.0,8.0,29.0,11.0,684,13.55,606.011375,31.5,0.975,40.891099999999994,26.745849999999997,41.3197,17.50799,19.3826
2022-08-29 12:00:00,2022-08-29 12:00:00,2022.0,8.0,29.0,12.0,685,15.175,716.086125,29.0,1.0,48.8253,24.561799999999998,44.01705,20.02474,22.29435
2022-08-29 13:00:00,2022-08-29 13:00:00,2022.0,8.0,29.0,13.0,686,15.95,761.7268750000001,28.0,1.425,52.55919999999999,22.269849999999998,43.69695,21.2261,23.52955
2022-08-29 14:00:00,2022-08-29 14:00:00,2022.0,8.0,29.0,14.0,687,16.7,737.29565,25.5,1.55,52.4794,22.18825,41.2535,23.09235,24.725299999999997
2022-08-29 15:00:00,2022-08-29 15:00:00,2022.0,8.0,29.0,15.0,688,17.175,652.45755,24.0,1.9,47.904849999999996,22.29905,36.731899999999996,24.1611,25.1512
2022-08-29 16:00:00,2022-08-29 16:00:00,2022.0,8.0,29.0,16.0,689,17.0,425.86465,23.0,2.225,36.1356,20.930205,28.95295,22.33835,24.18305
